cohort_month,period,customers
2016-09-01 00:00:00+00,0,4
2016-10-01 00:00:00+00,0,321
2016-10-01 00:00:00+00,1,1
2016-10-01 00:00:00+00,3,1
2016-10-01 00:00:00+00,5,1
2016-10-01 00:00:00+00,6,1
2016-10-01 00:00:00+00,7,2
2016-10-01 00:00:00+00,8,2
2016-10-01 00:00:00+00,9,1
2016-10-01 00:00:00+00,11,1
2016-12-01 00:00:00+00,0,1
2016-12-01 00:00:00+00,1,1
2017-01-01 00:00:00+00,0,764
2017-01-01 00:00:00+00,1,6
2017-01-01 00:00:00+00,2,3
2017-01-01 00:00:00+00,3,2
2017-01-01 00:00:00+00,4,5
2017-01-01 00:00:00+00,5,4
2017-01-01 00:00:00+00,6,4
2017-01-01 00:00:00+00,7,2
2017-01-01 00:00:00+00,8,1
2017-01-01 00:00:00+00,10,3
2017-01-01 00:00:00+00,11,1
2017-02-01 00:00:00+00,0,1752
2017-02-01 00:00:00+00,1,7
2017-02-01 00:00:00+00,2,7
2017-02-01 00:00:00+00,3,3
2017-02-01 00:00:00+00,4,8
2017-02-01 00:00:00+00,5,6
2017-02-01 00:00:00+00,6,4
2017-02-01 00:00:00+00,7,3
2017-02-01 00:00:00+00,8,3
2017-02-01 00:00:00+00,9,4
2017-02-01 00:00:00+00,10,2
2017-02-01 00:00:00+00,11,5
2017-03-01 00:00:00+00,0,2636
2017-03-01 00:00:00+00,1,16
2017-03-01 00:00:00+00,2,14
2017-03-01 00:00:00+00,3,15
2017-03-01 00:00:00+00,4,11
2017-03-01 00:00:00+00,5,8
2017-03-01 00:00:00+00,6,4
2017-03-01 00:00:00+00,7,8
2017-03-01 00:00:00+00,8,9
2017-03-01 00:00:00+00,9,2
2017-03-01 00:00:00+00,10,10
2017-03-01 00:00:00+00,11,4
2017-04-01 00:00:00+00,0,2352
2017-04-01 00:00:00+00,1,15
2017-04-01 00:00:00+00,2,7
2017-04-01 00:00:00+00,3,6
2017-04-01 00:00:00+00,4,12
2017-04-01 00:00:00+00,5,6
2017-04-01 00:00:00+00,6,8
2017-04-01 00:00:00+00,7,7
2017-04-01 00:00:00+00,8,7
2017-04-01 00:00:00+00,9,4
2017-04-01 00:00:00+00,10,6
2017-04-01 00:00:00+00,11,2
2017-05-01 00:00:00+00,0,3596
2017-05-01 00:00:00+00,1,19
2017-05-01 00:00:00+00,2,24
2017-05-01 00:00:00+00,3,22
2017-05-01 00:00:00+00,4,11
2017-05-01 00:00:00+00,5,12
2017-05-01 00:00:00+00,6,15
2017-05-01 00:00:00+00,7,6
2017-05-01 00:00:00+00,8,9
2017-05-01 00:00:00+00,9,11
2017-05-01 00:00:00+00,10,9
2017-05-01 00:00:00+00,11,12
2017-06-01 00:00:00+00,0,3139
2017-06-01 00:00:00+00,1,19
2017-06-01 00:00:00+00,2,17
2017-06-01 00:00:00+00,3,13
2017-06-01 00:00:00+00,4,8
2017-06-01 00:00:00+00,5,12
2017-06-01 00:00:00+00,6,12
2017-06-01 00:00:00+00,7,7
2017-06-01 00:00:00+00,8,4
2017-06-01 00:00:00+00,9,7
2017-06-01 00:00:00+00,10,10
2017-06-01 00:00:00+00,11,11
2017-07-01 00:00:00+00,0,3894
2017-07-01 00:00:00+00,1,29
2017-07-01 00:00:00+00,2,14
2017-07-01 00:00:00+00,3,10
2017-07-01 00:00:00+00,4,11
2017-07-01 00:00:00+00,5,8
2017-07-01 00:00:00+00,6,12
2017-07-01 00:00:00+00,7,4
2017-07-01 00:00:00+00,8,7
2017-07-01 00:00:00+00,9,10
2017-07-01 00:00:00+00,10,9
2017-07-01 00:00:00+00,11,12
2017-08-01 00:00:00+00,0,4184
2017-08-01 00:00:00+00,1,29
2017-08-01 00:00:00+00,2,14
2017-08-01 00:00:00+00,3,11
2017-08-01 00:00:00+00,4,15
2017-08-01 00:00:00+00,5,22
2017-08-01 00:00:00+00,6,12
2017-08-01 00:00:00+00,7,11
2017-08-01 00:00:00+00,8,6
2017-08-01 00:00:00+00,9,6
2017-08-01 00:00:00+00,10,10
2017-08-01 00:00:00+00,11,8
2017-09-01 00:00:00+00,0,4130
2017-09-01 00:00:00+00,1,28
2017-09-01 00:00:00+00,2,22
2017-09-01 00:00:00+00,3,12
2017-09-01 00:00:00+00,4,19
2017-09-01 00:00:00+00,5,9
2017-09-01 00:00:00+00,6,9
2017-09-01 00:00:00+00,7,10
2017-09-01 00:00:00+00,8,12
2017-09-01 00:00:00+00,9,7
2017-09-01 00:00:00+00,10,11
2017-09-01 00:00:00+00,11,3
2017-10-01 00:00:00+00,0,4470
2017-10-01 00:00:00+00,1,31
2017-10-01 00:00:00+00,2,11
2017-10-01 00:00:00+00,3,4
2017-10-01 00:00:00+00,4,10
2017-10-01 00:00:00+00,5,9
2017-10-01 00:00:00+00,6,10
2017-10-01 00:00:00+00,7,16
2017-10-01 00:00:00+00,8,12
2017-10-01 00:00:00+00,9,9
2017-10-01 00:00:00+00,10,9
2017-11-01 00:00:00+00,0,7304
2017-11-01 00:00:00+00,1,40
2017-11-01 00:00:00+00,2,28
2017-11-01 00:00:00+00,3,13
2017-11-01 00:00:00+00,4,14
2017-11-01 00:00:00+00,5,13
2017-11-01 00:00:00+00,6,8
2017-11-01 00:00:00+00,7,14
2017-11-01 00:00:00+00,8,10
2017-11-01 00:00:00+00,9,4
2017-12-01 00:00:00+00,0,5487
2017-12-01 00:00:00+00,1,14
2017-12-01 00:00:00+00,2,15
2017-12-01 00:00:00+00,3,19
2017-12-01 00:00:00+00,4,15
2017-12-01 00:00:00+00,5,11
2017-12-01 00:00:00+00,6,9
2017-12-01 00:00:00+00,7,3
2017-12-01 00:00:00+00,8,12
2018-01-01 00:00:00+00,0,7025
2018-01-01 00:00:00+00,1,24
2018-01-01 00:00:00+00,2,27
2018-01-01 00:00:00+00,3,20
2018-01-01 00:00:00+00,4,20
2018-01-01 00:00:00+00,5,11
2018-01-01 00:00:00+00,6,12
2018-01-01 00:00:00+00,7,16
2018-02-01 00:00:00+00,0,6451
2018-02-01 00:00:00+00,1,25
2018-02-01 00:00:00+00,2,25
2018-02-01 00:00:00+00,3,19
2018-02-01 00:00:00+00,4,17
2018-02-01 00:00:00+00,5,14
2018-02-01 00:00:00+00,6,13
2018-03-01 00:00:00+00,0,6965
2018-03-01 00:00:00+00,1,32
2018-03-01 00:00:00+00,2,22
2018-03-01 00:00:00+00,3,20
2018-03-01 00:00:00+00,4,9
2018-03-01 00:00:00+00,5,9
2018-04-01 00:00:00+00,0,6711
2018-04-01 00:00:00+00,1,39
2018-04-01 00:00:00+00,2,21
2018-04-01 00:00:00+00,3,16
2018-04-01 00:00:00+00,4,9
2018-05-01 00:00:00+00,0,6622
2018-05-01 00:00:00+00,1,35
2018-05-01 00:00:00+00,2,18
2018-05-01 00:00:00+00,3,14
2018-06-01 00:00:00+00,0,5940
2018-06-01 00:00:00+00,1,25
2018-06-01 00:00:00+00,2,17
2018-06-01 00:00:00+00,4,1
2018-07-01 00:00:00+00,0,6071
2018-07-01 00:00:00+00,1,44
2018-07-01 00:00:00+00,2,2
2018-08-01 00:00:00+00,0,6271
2018-08-01 00:00:00+00,1,7
2018-08-01 00:00:00+00,2,2
2018-09-01 00:00:00+00,0,5
2018-10-01 00:00:00+00,0,1